Observations,Time.Spent.at.DentMax.Booth,Time.Spent.at.DentMed.OxyMax.Booth,Total.Time.spent.at.show,X..Buying.from.DentMax.in.the.past,Historical.Sales.Index,Sales.Frequency,Length.of.Relationship,Number.of.Referrals.Offered,Importance.of.Image.Quality,Importance.of.Diagnostic.Flexibility,Importance.of.Software.Intergation,Importance.of.Technical.Assistance,Importance.of.Price,Trust.in.TV.ads,Trust.in.Radio.Ads,Trust.in.Internet.Ads,Trust.in.Dental.Magazine.Ads,Trust.in.Peers
Respondent 1,12,22,150,32,21,3,4,1,5,5,5,6,7,5,5,4,5,6
Respondent 2,13,22,150,32,20,3,4,1,5,5,5,7,7,5,5,4,5,5
Respondent 3,12,21,150,32,22,3,4,1,5,5,5,6,7,5,5,4,6,6
Respondent 4,11,21,150,33,21,3,4,1,5,5,5,6,7,4,5,4,5,5
Respondent 5,12,21,150,32,21,3,4,1,5,5,5,7,7,5,4,4,5,6
Respondent 6,36,78,180,45,64,5,9,2,6,5,6,6,6,4,5,6,6,7
Respondent 7,12,21,150,32,21,3,5,1,5,5,5,6,7,4,5,4,5,5
Respondent 8,45,27,130,100,58,6,8,12,7,7,4,5,4,5,4,3,7,6
Respondent 9,6,11,61,6,9,1,9,0,4,4,4,7,7,4,3,3,4,5
